strategy,defenseMaterial,day,cash,living,destroyed,delivered,planted,income,seeds,wages,walls,repairs,reconciliationDifference
passive (defeat),empalizada,1,203,93,0,27,119,297,614,180,0,0,0
passive (defeat),empalizada,2,230,102,0,42,51,462,255,180,0,0,0
passive (defeat),empalizada,3,299,117,0,47,62,559,310,180,0,0,0
passive (defeat),empalizada,4,210,153,0,49,85,539,425,203,0,0,0
passive (defeat),empalizada,5,212,149,0,32,28,352,140,210,0,0,0
passive (defeat),empalizada,6,241,152,15,65,83,715,415,231,40,0,0
passive (defeat),empalizada,7,243,137,29,62,76,682,380,240,60,0,0
passive (defeat),empalizada,8,338,87,41,55,46,605,230,240,40,0,0
passive (defeat),empalizada,9,282,80,43,74,110,814,550,240,80,0,0
passive (defeat),empalizada,10,273,26,45,31,22,341,110,240,0,0,0
passive (defeat),empalizada,11,174,4,43,26,47,286,235,150,0,0,0
passive (defeat),empalizada,12,31,0,17,2,15,22,75,30,60,0,0
good,empalizada,1,221,102,0,25,126,350,649,180,0,0,0
good,empalizada,2,193,119,0,37,54,422,270,180,0,0,0
good,empalizada,3,273,135,0,40,56,565,280,205,0,0,0
good,empalizada,4,356,158,0,66,89,811,452,276,0,0,0
good,empalizada,5,633,187,0,103,132,1285,660,348,0,0,0
good,empalizada,6,595,171,13,73,70,898,350,386,200,0,0
good,empalizada,7,579,147,39,92,107,1129,535,390,220,0,0
good,empalizada,8,421,134,43,84,114,988,570,416,160,0,0
good,empalizada,9,423,117,37,89,109,1067,545,420,100,0,0
good,empalizada,10,555,86,41,86,96,1072,480,420,40,0,0
good,empalizada,11,480,61,52,86,113,1050,565,420,140,0,0
good,empalizada,12,405,38,47,56,80,695,400,330,40,0,0
good,empalizada,13,211,41,50,38,91,471,455,210,0,0,0
good,empalizada,14,212,20,45,41,65,556,325,210,20,0,0
