night,census,wounded,animals,assignedHits,unusedHits,referencePotentialHp,configuredHpUpper,actualCropHp,destroyed,destroyedFraction,orientativeUnprotectedLoss,optimisticStartCohortLossUpper,meetsOrientativeCapacity
6,190,0,8,23,0,23,34.5,23,23,0.12105263157894737,39.748,34,False
7,186,0,10,34,0,44,53.5,37,37,0.1989247311827957,39.0414,53,True
8,222,0,12,51,0,63,79.5,57,57,0.25675675675675674,46.75319999999999,79,True
9,206,0,14,46,0,68,74.5,54,54,0.2621359223300971,43.5278,74,True
10,216,0,16,54,0,78,87.0,62,62,0.28703703703703703,45.792,87,True
11,193,0,18,63,0,85,100.0,71,71,0.36787564766839376,41.0511,100,True
12,151,0,19,63,0,83,99.5,72,72,0.4768211920529801,32.2234,99,True
13,113,0,18,59,0,81,94.0,66,66,0.584070796460177,24.193299999999997,94,True
14,28,0,17,49,2,59,76.0,28,28,1.0,6.0144,28,True
