night,pressure,multiplier,animals,q,referenceMean,referenceMin,referenceMax,relativeReferenceMean,adjustments,warthog,hyena,buffalo,lion,rhino
6,0.23626778514509322,1,11,46,34,23,45,1,1,10,1,0,0,0
6,0.23626778514509322,1.25,11,57.5,34,23,45,1,1,10,1,0,0,0
6,0.23626778514509322,1.5,11,69,46,33,59,1.3529411764705883,0,9,1,1,0,0
6,0.23626778514509322,2,11,92,46,33,59,1.3529411764705883,0,9,1,1,0,0
7,0.2399055272392258,1,11,46,34,23,45,1,1,10,1,0,0,0
7,0.2399055272392258,1.25,11,57.5,34,23,45,1,1,10,1,0,0,0
7,0.2399055272392258,1.5,11,69,46,33,59,1.3529411764705883,0,9,1,1,0,0
7,0.2399055272392258,2,11,92,46,33,59,1.3529411764705883,0,9,1,1,0,0
8,0.24706529905277708,1,11,59,46,33,59,1,0,9,1,1,0,0
8,0.24706529905277708,1.25,11,59,46,33,59,1,0,9,1,1,0,0
8,0.24706529905277708,1.5,11,69,46,33,59,1,0,9,1,1,0,0
8,0.24706529905277708,2,11,92,46,33,59,1,0,9,1,1,0,0
9,0.2686450616180794,1,12,63,49,35,63,1,0,10,1,1,0,0
9,0.2686450616180794,1.25,12,63,49,35,63,1,0,10,1,1,0,0
9,0.2686450616180794,1.5,12,73.5,49,35,63,1,0,10,1,1,0,0
9,0.2686450616180794,2,12,98,49,35,63,1,0,10,1,1,0,0
10,0.2764004144451871,1,12,63,49,35,63,1,1,10,1,1,0,0
10,0.2764004144451871,1.25,12,78,49,35,63,1,1,10,1,1,0,0
10,0.2764004144451871,1.5,12,93.5,62.5,45,80,1.2755102040816326,0,9,1,1,1,0
10,0.2764004144451871,2,12,125,62.5,45,80,1.2755102040816326,0,9,1,1,1,0
11,0.30986564613709366,1,13,68,53,38,68,1,1,10,2,1,0,0
11,0.30986564613709366,1.25,13,81.5,53,38,68,1,1,10,2,1,0,0
11,0.30986564613709366,1.5,13,98,65.5,47,84,1.2358490566037736,0,10,1,1,1,0
11,0.30986564613709366,2,13,131,65.5,47,84,1.2358490566037736,0,10,1,1,1,0
12,0.3051370638888696,1,13,65.5,41,28,54,1,2,11,2,0,0,0
12,0.3051370638888696,1.25,13,81.5,52,37,67,1.2682926829268293,1,11,1,1,0,0
12,0.3051370638888696,1.5,13,98,65.5,47,84,1.5975609756097562,0,10,1,1,1,0
12,0.3051370638888696,2,13,131,65.5,47,84,1.5975609756097562,0,10,1,1,1,0
13,0.3356568417622085,1,14,75,57.5,40,75,1,1,11,2,0,1,0
13,0.3356568417622085,1.25,14,91.5,57.5,40,75,1,1,11,2,0,1,0
13,0.3356568417622085,1.5,14,110,73.5,53,94,1.2782608695652173,0,11,1,1,1,0
13,0.3356568417622085,2,14,147,73.5,53,94,1.2782608695652173,0,11,1,1,1,0
14,0.33478407256719545,1,14,75,57.5,40,75,1,1,11,2,0,1,0
14,0.33478407256719545,1.25,14,91.5,57.5,40,75,1,1,11,2,0,1,0
14,0.33478407256719545,1.5,14,110,73.5,53,94,1.2782608695652173,0,11,1,1,1,0
14,0.33478407256719545,2,14,147,73.5,53,94,1.2782608695652173,0,11,1,1,1,0
15,0.3667775714697712,1,15,99,77.5,56,99,1,0,11,2,1,1,0
15,0.3667775714697712,1.25,15,99,77.5,56,99,1,0,11,2,1,1,0
15,0.3667775714697712,1.5,15,116,77.5,56,99,1,0,11,2,1,1,0
15,0.3667775714697712,2,15,155,77.5,56,99,1,0,11,2,1,1,0
16,0.3530506627629118,1,15,79,60.5,42,79,1,1,12,2,0,1,0
16,0.3530506627629118,1.25,15,96.5,60.5,42,79,1,1,12,2,0,1,0
16,0.3530506627629118,1.5,15,116,77.5,56,99,1.28099173553719,0,11,2,1,1,0
16,0.3530506627629118,2,15,155,77.5,56,99,1.28099173553719,0,11,2,1,1,0
17,0.38521666912418073,1,16,116.5,80.5,58,103,1,1,12,2,1,1,0
17,0.38521666912418073,1.25,16,145.5,80.5,58,103,1,1,12,2,1,1,0
17,0.38521666912418073,1.5,16,174.5,116.5,86,147,1.4472049689440993,0,11,2,1,1,1
17,0.38521666912418073,2,16,233,116.5,86,147,1.4472049689440993,0,11,2,1,1,1
18,0.37917640044525985,1,15,99,77.5,56,99,1,0,11,2,1,1,0
18,0.37917640044525985,1.25,15,99,77.5,56,99,1,0,11,2,1,1,0
18,0.37917640044525985,1.5,15,116,77.5,56,99,1,0,11,2,1,1,0
18,0.37917640044525985,2,15,155,77.5,56,99,1,0,11,2,1,1,0
19,0.404018355795296,1,16,116.5,80.5,58,103,1,1,12,2,1,1,0
19,0.404018355795296,1.25,16,145.5,80.5,58,103,1,1,12,2,1,1,0
19,0.404018355795296,1.5,16,174.5,116.5,86,147,1.4472049689440993,0,11,2,1,1,1
19,0.404018355795296,2,16,233,116.5,86,147,1.4472049689440993,0,11,2,1,1,1
20,0.41213035614399063,1,16,116.5,80.5,58,103,1,1,12,2,1,1,0
20,0.41213035614399063,1.25,16,145.5,80.5,58,103,1,1,12,2,1,1,0
20,0.41213035614399063,1.5,16,174.5,116.5,86,147,1.4472049689440993,0,11,2,1,1,1
20,0.41213035614399063,2,16,233,116.5,86,147,1.4472049689440993,0,11,2,1,1,1
21,0.4206001165487415,1,17,105,81,57,105,1,2,12,3,0,2,0
21,0.4206001165487415,1.25,17,125.5,84.5,61,108,1.0432098765432098,1,12,3,1,1,0
21,0.4206001165487415,1.5,17,150.5,100.5,74,127,1.2407407407407407,0,12,2,2,1,0
21,0.4206001165487415,2,17,201,100.5,74,127,1.2407407407407407,0,12,2,2,1,0
