night,pressure,countPower,hitSteps,warmup,animals,additionalHitsPerAnimal,q,referenceMeanHp,referenceMinimumHp,referenceMaximumHp,relativeReferenceMean,meanAllHitsOnStructures,relativeStructureMean,maximumAssignedHits,maximumConfiguredHp,optimisticLossUpper,orientativeLoss,passesOptimisticCapacityScreen,observedBaselineCropHp,observedBaselineReferenceHp,warthog,hyena,buffalo,lion,rhino
6,0.23626778514509322,1,2,false,11,0,69,46,33,59,1,901,1,47,79.5,39,44.7688,false,44,46,9,1,1,0,0
6,0.23626778514509322,1,4,true,8,0,37.5,25,17,33,0.5434782608695652,574,0.6370699223085461,33,49.5,24,44.7688,false,44,46,7,1,0,0,0
6,0.23626778514509322,1,6,true,8,1,49.5,33,25,41,0.717391304347826,756,0.8390677025527192,41,61.5,30,44.7688,false,44,46,7,1,0,0,0
6,0.23626778514509322,0.75,2,true,8,0,37.5,25,17,33,0.5434782608695652,574,0.6370699223085461,33,49.5,24,44.7688,false,44,46,7,1,0,0,0
6,0.23626778514509322,0.75,4,true,8,0,37.5,25,17,33,0.5434782608695652,574,0.6370699223085461,33,49.5,24,44.7688,false,44,46,7,1,0,0,0
6,0.23626778514509322,0.75,6,true,8,1,49.5,33,25,41,0.717391304347826,756,0.8390677025527192,41,61.5,30,44.7688,false,44,46,7,1,0,0,0
6,0.23626778514509322,0.5,2,true,8,0,37.5,25,17,33,0.5434782608695652,574,0.6370699223085461,33,49.5,24,44.7688,false,44,46,7,1,0,0,0
6,0.23626778514509322,0.5,4,true,8,0,37.5,25,17,33,0.5434782608695652,574,0.6370699223085461,33,49.5,24,44.7688,false,44,46,7,1,0,0,0
6,0.23626778514509322,0.5,6,true,8,1,49.5,33,25,41,0.717391304347826,756,0.8390677025527192,41,61.5,30,44.7688,false,44,46,7,1,0,0,0
7,0.23725008503654324,1,2,false,11,0,69,46,33,59,1,901,1,47,79.5,42,44.7087,false,41,41,9,1,1,0,0
7,0.23725008503654324,1,4,true,10,0,64.5,43,31,55,0.9347826086956522,835,0.9267480577136515,43,73.5,39,44.7087,false,41,41,8,1,1,0,0
7,0.23725008503654324,1,6,true,10,1,82.5,55,43,67,1.1956521739130435,1078,1.1964483906770256,53,90,48,44.7087,true,41,41,8,1,1,0,0
7,0.23725008503654324,0.75,2,true,10,0,64.5,43,31,55,0.9347826086956522,835,0.9267480577136515,43,73.5,39,44.7087,false,41,41,8,1,1,0,0
7,0.23725008503654324,0.75,4,true,10,0,64.5,43,31,55,0.9347826086956522,835,0.9267480577136515,43,73.5,39,44.7087,false,41,41,8,1,1,0,0
7,0.23725008503654324,0.75,6,true,10,1,82.5,55,43,67,1.1956521739130435,1078,1.1964483906770256,53,90,48,44.7087,true,41,41,8,1,1,0,0
7,0.23725008503654324,0.5,2,true,10,0,64.5,43,31,55,0.9347826086956522,835,0.9267480577136515,43,73.5,39,44.7087,false,41,41,8,1,1,0,0
7,0.23725008503654324,0.5,4,true,10,0,64.5,43,31,55,0.9347826086956522,835,0.9267480577136515,43,73.5,39,44.7087,false,41,41,8,1,1,0,0
7,0.23725008503654324,0.5,6,true,10,1,82.5,55,43,67,1.1956521739130435,1078,1.1964483906770256,53,90,48,44.7087,true,41,41,8,1,1,0,0
8,0.23740805075097082,1,2,false,11,0,69,46,33,59,1,901,1,47,79.5,43,42.751799999999996,true,51,51,9,1,1,0,0
8,0.23740805075097082,1,4,true,11,0,69,46,33,59,1,901,1,47,79.5,43,42.751799999999996,true,51,51,9,1,1,0,0
8,0.23740805075097082,1,6,true,11,1,88.5,59,46,72,1.2826086956521738,1166,1.2941176470588236,58,97.5,52,42.751799999999996,true,51,51,9,1,1,0,0
8,0.23740805075097082,0.75,2,true,12,0,73.5,49,35,63,1.065217391304348,967,1.0732519422863485,51,85.5,46,42.751799999999996,true,51,51,10,1,1,0,0
8,0.23740805075097082,0.75,4,true,12,0,73.5,49,35,63,1.065217391304348,967,1.0732519422863485,51,85.5,46,42.751799999999996,true,51,51,10,1,1,0,0
8,0.23740805075097082,0.75,6,true,12,1,94.5,63,49,77,1.3695652173913044,1254,1.3917869034406216,63,105,56,42.751799999999996,true,51,51,10,1,1,0,0
8,0.23740805075097082,0.5,2,true,12,0,73.5,49,35,63,1.065217391304348,967,1.0732519422863485,51,85.5,46,42.751799999999996,true,51,51,10,1,1,0,0
8,0.23740805075097082,0.5,4,true,12,0,73.5,49,35,63,1.065217391304348,967,1.0732519422863485,51,85.5,46,42.751799999999996,true,51,51,10,1,1,0,0
8,0.23740805075097082,0.5,6,true,12,1,94.5,63,49,77,1.3695652173913044,1254,1.3917869034406216,63,105,56,42.751799999999996,true,51,51,10,1,1,0,0
9,0.2824749465346381,1,2,false,12,0,93.5,62.5,45,80,1,1190,1,54,100.5,51,57.6849,false,68,70,9,1,1,1,0
9,0.2824749465346381,1,4,true,12,1,117.5,78.5,61,96,1.256,1512,1.2705882352941176,66,121.5,61,57.6849,true,68,70,9,1,1,1,0
9,0.2824749465346381,1,6,true,12,1,117.5,78.5,61,96,1.256,1512,1.2705882352941176,66,121.5,61,57.6849,true,68,70,9,1,1,1,0
9,0.2824749465346381,0.75,2,true,14,0,102.5,68.5,49,88,1.096,1328,1.1159663865546219,62,112.5,57,57.6849,false,68,70,11,1,1,1,0
9,0.2824749465346381,0.75,4,true,14,1,129.5,86.5,67,106,1.384,1696,1.4252100840336135,76,136.5,69,57.6849,true,68,70,11,1,1,1,0
9,0.2824749465346381,0.75,6,true,14,1,129.5,86.5,67,106,1.384,1696,1.4252100840336135,76,136.5,69,57.6849,true,68,70,11,1,1,1,0
9,0.2824749465346381,0.5,2,true,14,0,102.5,68.5,49,88,1.096,1328,1.1159663865546219,62,112.5,57,57.6849,false,68,70,11,1,1,1,0
9,0.2824749465346381,0.5,4,true,14,1,129.5,86.5,67,106,1.384,1696,1.4252100840336135,76,136.5,69,57.6849,true,68,70,11,1,1,1,0
9,0.2824749465346381,0.5,6,true,14,1,129.5,86.5,67,106,1.384,1696,1.4252100840336135,76,136.5,69,57.6849,true,68,70,11,1,1,1,0
10,0.27013562821806053,1,2,false,12,0,73.5,49,35,63,1,1002,1,51,85.5,48,48.76,false,52,53,10,1,1,0,0
10,0.27013562821806053,1,4,true,12,1,94.5,63,49,77,1.2857142857142858,1300,1.2974051896207586,63,105,58,48.76,true,52,53,10,1,1,0,0
10,0.27013562821806053,1,6,true,12,1,94.5,63,49,77,1.2857142857142858,1300,1.2974051896207586,63,105,58,48.76,true,52,53,10,1,1,0,0
10,0.27013562821806053,0.75,2,true,15,0,107,71.5,51,92,1.4591836734693877,1387.5,1.3847305389221556,66,118.5,65,48.76,true,52,53,12,1,1,1,0
10,0.27013562821806053,0.75,4,true,15,1,135.5,90.5,70,111,1.846938775510204,1776.5,1.7729540918163673,81,144,78,48.76,true,52,53,12,1,1,1,0
10,0.27013562821806053,0.75,6,true,15,1,135.5,90.5,70,111,1.846938775510204,1776.5,1.7729540918163673,81,144,78,48.76,true,52,53,12,1,1,1,0
10,0.27013562821806053,0.5,2,true,16,0,111.5,74.5,53,96,1.5204081632653061,1456.5,1.4535928143712575,70,124.5,68,48.76,true,52,53,13,1,1,1,0
10,0.27013562821806053,0.5,4,true,16,1,141.5,94.5,73,116,1.9285714285714286,1868.5,1.8647704590818364,86,151.5,81,48.76,true,52,53,13,1,1,1,0
10,0.27013562821806053,0.5,6,true,16,1,141.5,94.5,73,116,1.9285714285714286,1868.5,1.8647704590818364,86,151.5,81,48.76,true,52,53,13,1,1,1,0
11,0.29101495930714555,1,2,false,13,0,98,65.5,47,84,1,1259,1,58,106.5,57,55.9401,true,53,59,10,1,1,1,0
11,0.29101495930714555,1,4,true,13,1,123.5,82.5,64,101,1.2595419847328244,1604,1.2740270055599683,71,129,68,55.9401,true,53,59,10,1,1,1,0
11,0.29101495930714555,1,6,true,13,1,123.5,82.5,64,101,1.2595419847328244,1604,1.2740270055599683,71,129,68,55.9401,true,53,59,10,1,1,1,0
11,0.29101495930714555,0.75,2,true,16,0,111.5,74.5,53,96,1.1374045801526718,1466,1.1644162033359808,70,124.5,66,55.9401,true,53,59,13,1,1,1,0
11,0.29101495930714555,0.75,4,true,16,1,141.5,94.5,73,116,1.4427480916030535,1880,1.4932486100079427,86,151.5,79,55.9401,true,53,59,13,1,1,1,0
11,0.29101495930714555,0.75,6,true,16,1,141.5,94.5,73,116,1.4427480916030535,1880,1.4932486100079427,86,151.5,79,55.9401,true,53,59,13,1,1,1,0
11,0.29101495930714555,0.5,2,true,18,0,122,81.5,58,105,1.2442748091603053,1651,1.3113582208101668,79,138,73,55.9401,true,53,59,14,2,1,1,0
11,0.29101495930714555,0.5,4,true,18,1,155,103.5,80,127,1.5801526717557253,2117,1.681493248610008,97,168,88,55.9401,true,53,59,14,2,1,1,0
11,0.29101495930714555,0.5,6,true,18,1,155,103.5,80,127,1.5801526717557253,2117,1.681493248610008,97,168,88,55.9401,true,53,59,14,2,1,1,0
12,0.3001483531242594,1,2,false,13,0,98,65.5,47,84,1,1259,1,58,106.5,55,57.8314,false,65,70,10,1,1,1,0
12,0.3001483531242594,1,4,true,13,1,123.5,82.5,64,101,1.2595419847328244,1604,1.2740270055599683,71,129,66,57.8314,true,65,70,10,1,1,1,0
12,0.3001483531242594,1,6,true,13,1,123.5,82.5,64,101,1.2595419847328244,1604,1.2740270055599683,71,129,66,57.8314,true,65,70,10,1,1,1,0
12,0.3001483531242594,0.75,2,true,16,0,111.5,74.5,53,96,1.1374045801526718,1466,1.1644162033359808,70,124.5,64,57.8314,true,65,70,13,1,1,1,0
12,0.3001483531242594,0.75,4,true,16,1,141.5,94.5,73,116,1.4427480916030535,1880,1.4932486100079427,86,151.5,77,57.8314,true,65,70,13,1,1,1,0
12,0.3001483531242594,0.75,6,true,16,1,141.5,94.5,73,116,1.4427480916030535,1880,1.4932486100079427,86,151.5,77,57.8314,true,65,70,13,1,1,1,0
12,0.3001483531242594,0.5,2,true,20,0,131,87.5,62,113,1.3358778625954197,1789,1.420969023034154,87,150,77,57.8314,true,65,70,16,2,1,1,0
12,0.3001483531242594,0.5,4,true,20,1,167,111.5,86,137,1.702290076335878,2301,1.8276409849086577,107,183,93,57.8314,true,65,70,16,2,1,1,0
12,0.3001483531242594,0.5,6,true,20,1,167,111.5,86,137,1.702290076335878,2301,1.8276409849086577,107,183,93,57.8314,true,65,70,16,2,1,1,0
13,0.30108835413048884,1,2,false,13,0,98,65.5,47,84,1,1259,1,58,106.5,57,52.88269999999999,true,62,65,10,1,1,1,0
13,0.30108835413048884,1,4,true,13,1,123.5,82.5,64,101,1.2595419847328244,1604,1.2740270055599683,71,129,68,52.88269999999999,true,62,65,10,1,1,1,0
13,0.30108835413048884,1,6,true,13,1,123.5,82.5,64,101,1.2595419847328244,1604,1.2740270055599683,71,129,68,52.88269999999999,true,62,65,10,1,1,1,0
13,0.30108835413048884,0.75,2,true,16,0,111.5,74.5,53,96,1.1374045801526718,1466,1.1644162033359808,70,124.5,66,52.88269999999999,true,62,65,13,1,1,1,0
13,0.30108835413048884,0.75,4,true,16,1,141.5,94.5,73,116,1.4427480916030535,1880,1.4932486100079427,86,151.5,79,52.88269999999999,true,62,65,13,1,1,1,0
13,0.30108835413048884,0.75,6,true,16,1,141.5,94.5,73,116,1.4427480916030535,1880,1.4932486100079427,86,151.5,79,52.88269999999999,true,62,65,13,1,1,1,0
13,0.30108835413048884,0.5,2,true,20,0,131,87.5,62,113,1.3358778625954197,1789,1.420969023034154,87,150,79,52.88269999999999,true,62,65,16,2,1,1,0
13,0.30108835413048884,0.5,4,true,20,1,167,111.5,86,137,1.702290076335878,2301,1.8276409849086577,107,183,95,52.88269999999999,true,62,65,16,2,1,1,0
13,0.30108835413048884,0.5,6,true,20,1,167,111.5,86,137,1.702290076335878,2301,1.8276409849086577,107,183,95,52.88269999999999,true,62,65,16,2,1,1,0
14,0.3227955420253256,1,2,false,14,0,102.5,68.5,49,88,1,1333,1,62,112.5,60,62.9364,false,60,61,11,1,1,1,0
14,0.3227955420253256,1,4,true,14,1,129.5,86.5,67,106,1.2627737226277371,1702,1.2768192048012004,76,136.5,72,62.9364,true,60,61,11,1,1,1,0
14,0.3227955420253256,1,6,true,14,1,129.5,86.5,67,106,1.2627737226277371,1702,1.2768192048012004,76,136.5,72,62.9364,true,60,61,11,1,1,1,0
14,0.3227955420253256,0.75,2,true,17,0,117.5,78.5,56,101,1.145985401459854,1587,1.1905476369092274,75,132,70,62.9364,true,60,61,13,2,1,1,0
14,0.3227955420253256,0.75,4,true,17,1,149,99.5,77,122,1.4525547445255473,2031,1.5236309077269317,92,160.5,84,62.9364,true,60,61,13,2,1,1,0
14,0.3227955420253256,0.75,6,true,17,1,149,99.5,77,122,1.4525547445255473,2031,1.5236309077269317,92,160.5,84,62.9364,true,60,61,13,2,1,1,0
14,0.3227955420253256,0.5,2,true,21,0,153.5,102.5,74,131,1.4963503649635037,1999,1.4996249062265565,93,168,88,62.9364,true,60,61,16,2,2,1,0
14,0.3227955420253256,0.5,4,true,21,1,194,129.5,101,158,1.8905109489051095,2553,1.9152288072018004,114,204,106,62.9364,true,60,61,16,2,2,1,0
14,0.3227955420253256,0.5,6,true,21,1,194,129.5,101,158,1.8905109489051095,2553,1.9152288072018004,114,204,106,62.9364,true,60,61,16,2,2,1,0
