strategy,day,cash,living,destroyed,delivered,planted,income,seeds,wages,walls,repairs,reconciliationDifference
good,1,221,102,0,25,126,350,649,180,0,0,0
good,2,193,119,0,37,54,422,270,180,0,0,0
good,3,273,135,0,40,56,565,280,205,0,0,0
good,4,356,158,0,66,89,811,452,276,0,0,0
good,5,633,187,0,103,132,1285,660,348,0,0,0
good,6,630,103,0,92,8,1137,40,360,740,0,0
good,7,584,163,0,95,155,1194,817,373,0,50,0
bad,1,235,93,0,26,118,324,609,180,0,0,0
bad,2,216,110,0,40,57,446,285,180,0,0,0
bad,3,255,124,0,35,49,464,245,180,0,0,0
bad,4,181,175,0,59,110,670,564,180,0,0,0
bad,5,182,200,0,43,68,521,340,180,0,0,0
bad,6,176,175,11,14,0,174,0,180,0,0,0
bad,7,151,218,25,70,138,843,718,150,0,0,0
no-shield,1,221,101,1,25,126,350,649,180,0,0,0
no-shield,2,193,117,1,37,54,422,270,180,0,0,0
no-shield,3,342,123,2,44,52,614,260,205,0,0,0
no-shield,4,272,164,2,60,103,729,543,256,0,0,0
no-shield,5,491,168,2,74,80,935,400,316,0,0,0
no-shield,6,530,202,12,92,138,1144,725,380,0,0,0
no-shield,7,749,201,19,99,117,1257,599,439,0,0,0
