name,day,cash,living,planted,delivered,destroyed,income,seeds,wages,walls,repairs,reconciliation
pilot-v7-no-shield-canyon-712-river,1,197,63,64,1,1,16,339,180,0,0,0
pilot-v7-no-shield-canyon-712-river,2,184,98,76,40,1,547,380,180,0,0,0
pilot-v7-no-shield-canyon-712-river,3,181,107,34,23,2,347,170,180,0,0,0
pilot-v7-no-shield-canyon-712-river,4,181,119,46,32,2,410,230,180,0,0,0
pilot-v7-no-shield-canyon-712-river,5,183,144,67,40,2,517,335,180,0,0,0
pilot-v7-no-shield-canyon-712-river,6,183,121,1,13,11,185,5,180,0,0,0
pilot-v7-no-shield-canyon-712-river,7,181,118,37,28,12,363,185,180,0,0,0
pilot-v7-good-sabana-123-river,1,231,100,124,25,0,350,639,180,0,0,0
pilot-v7-good-sabana-123-river,2,266,113,59,46,0,533,295,203,0,0,0
pilot-v7-good-sabana-123-river,3,337,139,73,47,0,646,365,210,0,0,0
pilot-v7-good-sabana-123-river,4,300,170,88,57,0,689,447,279,0,0,0
pilot-v7-good-sabana-123-river,5,386,185,74,59,0,756,370,300,0,0,0
pilot-v7-good-sabana-123-river,6,363,151,53,87,0,1068,272,339,480,0,0
pilot-v7-good-sabana-123-river,7,652,151,97,97,0,1214,485,383,0,57,0
pilot-v7-no-shield-sabana-123-river,1,231,99,124,25,1,350,639,180,0,0,0
pilot-v7-no-shield-sabana-123-river,2,260,111,58,45,1,522,290,203,0,0,0
pilot-v7-no-shield-sabana-123-river,3,326,150,99,58,2,771,495,210,0,0,0
pilot-v7-no-shield-sabana-123-river,4,274,173,71,46,2,560,355,257,0,0,0
pilot-v7-no-shield-sabana-123-river,5,424,160,36,47,2,600,180,270,0,0,0
pilot-v7-no-shield-sabana-123-river,6,394,196,137,86,15,1055,727,358,0,0,0
pilot-v7-no-shield-sabana-123-river,7,697,186,102,99,13,1227,510,414,0,0,0
