strategy,day,cash,living,planted,delivered,destroyed,income,seeds,wages,walls,repairs,reconciliation
good,1,221,102,126,25,0,350,649,180,0,0,0
good,2,206,118,54,38,0,435,270,180,0,0,0
good,3,281,129,47,36,0,514,235,204,0,0,0
good,4,347,163,105,71,0,881,539,276,0,0,0
good,5,634,170,100,93,0,1142,507,348,0,0,0
good,6,689,140,77,107,0,1344,399,360,530,0,0
good,7,462,198,121,63,0,842,605,386,0,78,0
no-shield,1,221,101,126,25,1,350,649,180,0,0,0
no-shield,2,206,116,54,38,1,435,270,180,0,0,0
no-shield,3,301,127,53,40,2,564,265,204,0,0,0
no-shield,4,413,150,96,71,2,890,501,277,0,0,0
no-shield,5,497,186,119,81,2,1004,595,325,0,0,0
no-shield,6,556,189,94,75,16,923,484,380,0,0,0
no-shield,7,603,207,128,89,21,1123,661,415,0,0,0
