strategy,seed,id,day,daytime,ended,animals,exposedLiving,exposedWounded,hitBudget,consumedStrikes,remainingOrUnobservedStrikes,potentialStructureDamage,structureHpLost,wallHpLost,cropHits,destroyed,destroyedFraction,workerHits,misses,shieldContacts,wallHits,centerHits,replacementCost,lostBaseHarvestValue,freshCropKillUpperBound,woundedCropKillUpperBound,targetUnprotected,targetProtected,pressure,referencePotentialAgriculturalHp,effectiveAgriculturalHp,agriculturalEfficiency,plantsReached,woundedAfterAttack,targetUnavailableAttempts,routeUnavailableAttempts
no-walls,712,raid-1-night,1,false,true,1,83,0,2,2,0,40,0,0,0,0,0,0,0,2,0,0,0,0,,,0.2057,0.0351,0.10950258090529648,2,0,0,0,0,0,0
no-walls,712,raid-2-night,2,false,true,1,110,0,3,3,0,75,0,0,0,0,0,0,0,3,0,0,0,0,,,0.2064,0.0352,0.1392488448778579,3,0,0,0,0,0,0
no-walls,712,raid-3-night,3,false,true,1,135,0,4,4,0,140,0,0,0,0,0,0,0,4,0,0,0,0,,,0.2071,0.0353,0.1627542388631298,4,0,0,0,0,0,0
no-walls,712,raid-4-night,4,false,true,1,135,0,4,4,0,160,0,0,0,0,0,0,0,4,0,0,0,0,,,0.20779999999999998,0.0354,0.16729969340858436,4,0,0,0,0,0,0
no-walls,712,raid-5-night,5,false,true,1,176,0,5,5,0,300,0,0,0,0,0,0,0,5,0,0,0,0,,,0.2085,0.0355,0.1999985489019815,5,0,0,0,0,0,0
no-walls,712,raid-6-night,6,false,true,11,201,0,32,32,0,722,132,0,25,11,0.05472636815920398,0,0,1,0,6,55,121,,,0.2092,0.0356,0.22023561820002666,32,25,0.78125,14,3,86,1
no-walls,712,raid-7-night,7,false,true,11,217,2,35,35,0,794,198,0,23,12,0.055299539170506916,0,0,3,0,9,60,132,,,0.2099,0.0357,0.2348486217247914,35,23,0.6571428571428571,12,0,120,1
no-shield,712,raid-1-night,1,false,true,1,83,0,2,2,0,40,0,0,2,1,0.012048192771084338,0,0,0,0,0,5,11,,,0.2057,0.0351,0.10950258090529648,2,2,1,1,0,0,0
no-shield,712,raid-2-night,2,false,true,1,110,0,3,3,0,75,0,0,3,1,0.00909090909090909,0,0,0,0,0,5,11,,,0.2064,0.0352,0.1392488448778579,3,3,1,2,1,0,0
no-shield,712,raid-3-night,3,false,true,1,132,0,4,4,0,140,0,0,4,2,0.015151515151515152,0,0,0,0,0,10,22,,,0.2071,0.0353,0.16049747552747065,4,4,1,2,0,0,0
no-shield,712,raid-4-night,4,false,true,1,141,0,4,4,0,160,0,0,4,2,0.014184397163120567,0,0,0,0,0,10,22,,,0.20779999999999998,0.0354,0.17172467855492693,4,4,1,2,0,0,0
no-shield,712,raid-5-night,5,false,true,1,159,0,5,5,0,300,0,0,5,2,0.012578616352201259,0,0,0,0,0,10,22,,,0.2085,0.0355,0.18956313464522273,5,5,1,3,1,0,0
no-shield,712,raid-6-night,6,false,true,10,192,1,31,31,0,700,326,0,17,8,0.041666666666666664,0,0,0,0,14,40,88,,,0.2092,0.0356,0.21437171179998724,31,17,0.5483870967741935,9,1,86,0
no-shield,712,raid-7-night,7,false,true,11,200,1,36,36,0,816,156,0,30,14,0.07,0,0,0,0,6,70,154,,,0.2099,0.0357,0.22420376379096651,36,30,0.8333333333333334,16,2,95,0
