strategy,seed,status,day,money,income,expenses,net,purchased,living,delivered,destroyed,walls,repairs,wallPieces,animals,cropHits,wallHits,centerHits,destroyedByAttacks,shieldContacts,idleFraction
expansive,712,incomplete-harness-error,1,273,484,911,-427,132,88,44,0,0,0,0,1,0,0,0,0,2,0.5633333333333221
expansive,712,incomplete-harness-error,2,348,880,805,75,97,105,80,0,50,0,5,1,0,0,0,0,3,0.6699999999999894
expansive,712,incomplete-harness-error,3,509,1056,895,161,81,90,96,0,160,0,16,1,0,0,0,0,4,0.709999999999991
expansive,712,incomplete-harness-error,4,695,1276,1090,186,102,76,116,0,130,0,13,1,0,0,0,0,4,0.6433333333333222
good,712,observed-horizon,1,364,484,820,-336,116,72,44,0,0,0,0,1,0,0,0,0,2,0.6166666666666543
good,712,observed-horizon,2,563,1012,813,199,89,69,92,0,0,0,0,1,0,0,0,0,3,0.6999999999999903
good,712,observed-horizon,3,678,1100,985,115,125,94,100,0,0,0,0,1,0,0,0,0,4,0.57333333333332
good,712,observed-horizon,4,836,1408,1250,158,154,120,128,0,0,0,0,1,0,0,0,0,4,0.4799999999999831
good,712,observed-horizon,5,1285,1914,1465,449,173,136,157,0,0,0,0,1,0,0,0,0,5,0.41999999999998244
good,712,observed-horizon,6,1494,1804,1595,209,181,175,138,4,0,0,0,9,10,0,0,4,0,0.38666666666664656
good,712,observed-horizon,7,1839,2530,2185,345,257,235,197,0,0,0,0,4,0,0,5,0,2,0.13999999999997262
bad,712,observed-horizon,1,259,484,925,-441,137,93,44,0,0,0,0,1,0,0,0,0,2,0.5466666666666549
bad,712,observed-horizon,2,255,726,730,-4,98,125,66,0,0,0,0,1,0,0,0,0,3,0.6733333333333228
bad,712,observed-horizon,3,317,462,400,62,32,115,42,0,0,0,0,1,0,0,0,0,4,0.8799999999999962
bad,712,observed-horizon,4,389,1067,995,72,139,157,97,0,0,0,0,1,0,0,0,0,4,0.5299999999999854
bad,712,observed-horizon,5,404,880,865,15,101,188,70,0,0,0,0,1,0,0,0,0,4,0.6533333333333223
bad,712,observed-horizon,6,458,1089,1035,54,129,237,80,0,0,0,0,2,0,0,5,0,3,0.5566666666666525
bad,712,observed-horizon,7,1156,1628,930,698,96,213,118,2,0,0,0,2,4,0,0,2,5,0.6666666666666561
no-walls,712,observed-horizon,1,273,484,911,-427,132,88,44,0,0,0,0,1,0,0,0,0,2,0.5633333333333221
no-walls,712,observed-horizon,2,337,869,805,64,107,116,79,0,0,0,0,1,0,0,0,0,3,0.6433333333333219
no-walls,712,observed-horizon,3,408,836,765,71,87,127,76,0,0,0,0,1,0,0,0,0,4,0.69999999999999
no-walls,712,observed-horizon,4,391,1023,1040,-17,130,164,93,0,0,0,0,1,0,0,0,0,4,0.5566666666666529
no-walls,712,observed-horizon,5,539,1243,1095,148,141,204,101,0,0,0,0,1,0,0,0,0,5,0.5233333333333189
no-walls,712,observed-horizon,6,539,1210,1210,0,140,254,90,0,0,0,0,3,0,0,5,0,5,0.5233333333333189
no-walls,712,observed-horizon,7,731,1397,1205,192,139,288,104,1,0,0,0,12,2,0,0,1,1,0.5266666666666516
