strategy,seed,status,day,money,income,expenses,net,cumulativeOperatingNet,seeds,wages,walls,repairs,centers,villages,refunds,otherCredits,otherDebits,purchased,living,delivered,destroyed,wallPieces,animals,cropHits,wallHits,centerHits,destroyedByAttacks,shieldContacts,referenceRepairCostAtEndLiving,idleFraction,rawDecisionIdleFraction,activityBasis
good,712,incomplete-harness-error,1,364,484,820,-336,-336,580,240,0,0,0,0,0,0,0,116,72,44,0,0,1,0,0,0,0,2,57.791999999999994,0.6166666666666543,0.6166666666666543,native decisions plus once-credited paid HP-restoring repair requests
good,712,incomplete-harness-error,2,505,1001,860,141,-195,410,360,90,0,0,0,0,0,0,82,63,91,0,9,1,0,0,0,0,3,50.36699999999999,0.7166666666666576,0.7166666666666576,native decisions plus once-credited paid HP-restoring repair requests
good,712,incomplete-harness-error,3,575,1155,1085,70,-125,565,330,190,0,0,0,0,0,0,113,71,105,0,19,1,0,0,0,0,4,56.943,0.6033333333333203,0.6033333333333203,native decisions plus once-credited paid HP-restoring repair requests
good,712,incomplete-harness-error,4,622,1122,1075,47,-78,595,360,120,0,0,0,0,0,0,119,88,102,0,12,1,0,0,0,0,4,72.19200000000001,0.5866666666666538,0.5866666666666538,native decisions plus once-credited paid HP-restoring repair requests
good,712,incomplete-harness-error,5,949,1562,1235,327,249,785,450,0,0,0,0,0,0,0,157,122,123,0,0,1,0,0,0,0,5,107.892,0.4666666666666497,0.4666666666666497,native decisions plus once-credited paid HP-restoring repair requests
expansive,712,incomplete-harness-error,1,273,484,911,-427,-427,660,251,0,0,0,0,0,0,0,132,88,44,0,0,1,0,0,0,0,2,72.19200000000001,0.5633333333333221,0.5633333333333221,native decisions plus once-credited paid HP-restoring repair requests
expansive,712,incomplete-harness-error,2,348,880,805,75,-352,485,270,50,0,0,0,0,0,0,97,104,80,1,5,1,3,0,0,1,0,88.128,0.6699999999999894,0.6699999999999894,native decisions plus once-credited paid HP-restoring repair requests
expansive,712,incomplete-harness-error,3,501,1144,991,153,-199,545,366,80,0,0,0,0,0,0,109,109,104,0,8,1,0,0,0,0,4,93.423,0.6166666666666547,0.6166666666666547,native decisions plus once-credited paid HP-restoring repair requests
expansive,712,incomplete-harness-error,4,619,1276,1158,118,-81,555,493,110,0,0,0,0,0,0,111,104,116,0,11,1,0,0,0,0,4,88.128,0.6133333333333211,0.6133333333333211,native decisions plus once-credited paid HP-restoring repair requests
expansive,712,incomplete-harness-error,5,1012,2322,1929,393,312,950,639,340,0,0,0,0,0,0,190,143,151,0,34,1,0,5,0,0,0,133.407,0.3566666666666462,0.3566666666666462,native decisions plus once-credited paid HP-restoring repair requests
