strategy,seed,id,day,daytime,ended,animals,exposedLiving,exposedWounded,hitBudget,consumedStrikes,remainingOrUnobservedStrikes,potentialStructureDamage,structureHpLost,wallHpLost,cropHits,destroyed,destroyedFraction,workerHits,misses,shieldContacts,wallHits,centerHits,replacementCost,lostBaseHarvestValue,freshCropKillUpperBound,woundedCropKillUpperBound,targetUnprotected,targetProtected
good,712,raid-1-night,1,false,true,1,72,0,2,2,0,40,0,0,0,0,0,0,0,2,0,0,0,0,1,2,0.2057,0.0351
good,712,raid-2-night,2,false,true,1,63,0,3,3,0,75,0,0,0,0,0,0,0,3,0,0,0,0,1,3,0.2064,0.0352
good,712,raid-3-night,3,false,true,1,71,0,4,4,0,140,0,0,0,0,0,0,0,4,0,0,0,0,2,4,0.2071,0.0353
good,712,raid-4-night,4,false,true,1,88,0,4,4,0,160,0,0,0,0,0,0,0,4,0,0,0,0,2,4,0.20779999999999998,0.0354
good,712,raid-5-night,5,false,true,1,122,0,5,5,0,300,0,0,0,0,0,0,0,5,0,0,0,0,2,5,0.2085,0.0355
expansive,712,raid-1-night,1,false,true,1,88,0,2,2,0,40,0,0,0,0,0,0,0,2,0,0,0,0,1,2,0.2057,0.0351
expansive,712,raid-2-night,2,false,true,1,105,0,3,3,0,75,0,0,3,1,0.009523809523809525,0,0,0,0,0,5,11,1,3,0.2064,0.0352
expansive,712,raid-3-night,3,false,true,1,109,0,4,4,0,140,0,0,0,0,0,0,0,4,0,0,0,0,2,4,0.2071,0.0353
expansive,712,raid-4-night,4,false,true,1,104,0,4,4,0,160,0,0,0,0,0,0,0,4,0,0,0,0,2,4,0.20779999999999998,0.0354
expansive,712,raid-5-night,5,false,true,1,143,0,5,5,0,300,260,260,0,0,0,0,0,0,5,0,0,0,2,5,0.2085,0.0355
