strategy,seed,status,day,money,income,expenses,net,cumulativeOperatingNet,seeds,wages,walls,repairs,centers,villages,refunds,otherCredits,otherDebits,purchased,living,delivered,destroyed,wallPieces,animals,cropHits,wallHits,centerHits,destroyedByAttacks,shieldContacts,referenceRepairCostAtEndLiving,idleFraction,rawDecisionIdleFraction,activityBasis,gitHead,labourPolicy,shieldEnabled,biome,culture,requestedDays,protocolId
no-walls,712,observed-horizon,1,238,198,660,-462,-462,505,155,0,0,0,0,0,0,0,101,83,18,0,0,1,0,0,0,0,2,67.527,0.6666666666666499,0.6666666666666499,native decisions plus once-credited paid HP-restoring repair requests,9b6858a54b5e75ca05da3314a74c40a505be4771,q6,true,sabana,mapungubwe,7,native-constant-economy-v3-q6
no-walls,712,observed-horizon,2,252,649,635,14,-448,430,205,0,0,0,0,0,0,0,86,110,59,0,0,1,0,0,0,0,3,94.5,0.713333333333324,0.713333333333324,native decisions plus once-credited paid HP-restoring repair requests,9b6858a54b5e75ca05da3314a74c40a505be4771,q6,true,sabana,mapungubwe,7,native-constant-economy-v3-q6
no-walls,712,observed-horizon,3,349,814,717,97,-351,495,222,0,0,0,0,0,0,0,99,135,74,0,0,1,0,0,0,0,4,123.375,0.6566666666666552,0.6566666666666552,native decisions plus once-credited paid HP-restoring repair requests,9b6858a54b5e75ca05da3314a74c40a505be4771,q6,true,sabana,mapungubwe,7,native-constant-economy-v3-q6
no-walls,712,observed-horizon,4,325,451,475,-24,-375,205,270,0,0,0,0,0,0,0,41,135,41,0,0,1,0,0,0,0,4,123.375,0.8499999999999953,0.8499999999999953,native decisions plus once-credited paid HP-restoring repair requests,9b6858a54b5e75ca05da3314a74c40a505be4771,q6,true,sabana,mapungubwe,7,native-constant-economy-v3-q6
no-walls,712,observed-horizon,5,534,1265,1056,209,-166,705,351,0,0,0,0,0,0,0,141,176,100,0,0,1,0,0,0,0,5,178.848,0.5133333333333179,0.5133333333333179,native decisions plus once-credited paid HP-restoring repair requests,9b6858a54b5e75ca05da3314a74c40a505be4771,q6,true,sabana,mapungubwe,7,native-constant-economy-v3-q6
no-walls,712,observed-horizon,6,765,1353,1122,231,65,620,502,0,0,0,0,0,0,0,124,190,99,11,0,11,25,0,6,11,1,200.10000000000002,0.5766666666666532,0.5766666666666532,native decisions plus once-credited paid HP-restoring repair requests,9b6858a54b5e75ca05da3314a74c40a505be4771,q6,true,sabana,mapungubwe,7,native-constant-economy-v3-q6
no-walls,712,observed-horizon,7,1210,2134,1689,445,510,940,749,0,0,0,0,0,0,0,188,205,161,12,0,11,23,0,9,12,3,224.175,0.3666666666666465,0.3666666666666465,native decisions plus once-credited paid HP-restoring repair requests,9b6858a54b5e75ca05da3314a74c40a505be4771,q6,true,sabana,mapungubwe,7,native-constant-economy-v3-q6
no-shield,712,observed-horizon,1,238,198,660,-462,-462,505,155,0,0,0,0,0,0,0,101,82,18,1,0,1,2,0,0,1,0,66.612,0.6666666666666499,0.6666666666666499,native decisions plus once-credited paid HP-restoring repair requests,9b6858a54b5e75ca05da3314a74c40a505be4771,q6,false,sabana,mapungubwe,7,native-constant-economy-v3-q6
no-shield,712,observed-horizon,2,247,649,640,9,-453,435,205,0,0,0,0,0,0,0,87,109,59,1,0,1,3,0,0,1,0,93.423,0.7099999999999906,0.7099999999999906,native decisions plus once-credited paid HP-restoring repair requests,9b6858a54b5e75ca05da3314a74c40a505be4771,q6,false,sabana,mapungubwe,7,native-constant-economy-v3-q6
no-shield,712,observed-horizon,3,343,781,685,96,-357,470,215,0,0,0,0,0,0,0,94,130,71,2,0,1,4,0,0,2,0,117.3,0.6799999999999893,0.6799999999999893,native decisions plus once-credited paid HP-restoring repair requests,9b6858a54b5e75ca05da3314a74c40a505be4771,q6,false,sabana,mapungubwe,7,native-constant-economy-v3-q6
no-shield,712,observed-horizon,4,272,418,489,-71,-428,245,244,0,0,0,0,0,0,0,49,139,38,2,0,1,4,0,0,2,0,128.343,0.8233333333333273,0.8233333333333273,native decisions plus once-credited paid HP-restoring repair requests,9b6858a54b5e75ca05da3314a74c40a505be4771,q6,false,sabana,mapungubwe,7,native-constant-economy-v3-q6
no-shield,712,observed-horizon,5,546,1078,804,274,-154,530,274,0,0,0,0,0,0,0,106,157,86,2,0,1,5,0,0,2,0,151.887,0.6333333333333216,0.6333333333333216,native decisions plus once-credited paid HP-restoring repair requests,9b6858a54b5e75ca05da3314a74c40a505be4771,q6,false,sabana,mapungubwe,7,native-constant-economy-v3-q6
no-shield,712,observed-horizon,6,547,726,725,1,-153,425,300,0,0,0,0,0,0,0,85,184,50,8,0,10,17,0,14,8,0,190.848,0.7033333333333239,0.7033333333333239,native decisions plus once-credited paid HP-restoring repair requests,9b6858a54b5e75ca05da3314a74c40a505be4771,q6,false,sabana,mapungubwe,7,native-constant-economy-v3-q6
no-shield,712,observed-horizon,7,888,1254,913,341,188,520,393,0,0,0,0,0,0,0,104,186,88,14,0,11,30,0,6,14,0,193.90800000000002,0.6399999999999886,0.6399999999999886,native decisions plus once-credited paid HP-restoring repair requests,9b6858a54b5e75ca05da3314a74c40a505be4771,q6,false,sabana,mapungubwe,7,native-constant-economy-v3-q6
